{"lr/pg1":1.8866197183098593e-05,"_runtime":186.8463186,"_step":1,"train/box_loss":0.52732,"train/cls_loss":5.44542,"train/dfl_loss":0.87852,"_wandb":{"runtime":186},"lr/pg2":1.8866197183098593e-05,"_timestamp":1.7572650419821637e+09,"lr/pg0":1.8866197183098593e-05}