{"lr/pg0":1.8833333333333335e-05,"_runtime":129.9688743,"train/cls_loss":5.64555,"train/dfl_loss":0.88816,"lr/pg1":1.8833333333333335e-05,"train/box_loss":0.54106,"_wandb":{"runtime":129},"_timestamp":1.7572653425185483e+09,"lr/pg2":1.8833333333333335e-05,"_step":1}